{
    "algorithm": "SVM",
    "coefficients": [3.012113775428575,-0.9433886408333356,-1.253364937619048],
    "predFun": "y = -0.7526847229550252x + 3.1928662748873524",
    "opt": {"C":1,"maxiter":10010,"numpass":12}
}